inventory_id,sku,warehouse_id,quantity_on_hand,reserved_quantity,reorder_level,last_updated
INV-001,SKU-001,WH-MAIN,2,0,8,2026-09-30 10:00:00
INV-002,SKU-001,WH-SEC,10,0,6,2026-09-30 10:00:00
INV-003,SKU-002,WH-MAIN,2,0,5,2026-09-30 10:00:00
INV-004,SKU-002,WH-SEC,1,0,5,2026-09-30 10:00:00
INV-005,SKU-003,WH-MAIN,15,5,9,2026-09-30 10:00:00
INV-006,SKU-003,WH-SEC,13,0,10,2026-09-30 10:00:00
INV-007,SKU-004,WH-MAIN,19,4,5,2026-09-30 10:00:00
INV-008,SKU-004,WH-SEC,17,0,9,2026-09-30 10:00:00
INV-009,SKU-005,WH-MAIN,14,5,9,2026-09-30 10:00:00
INV-010,SKU-005,WH-SEC,16,4,6,2026-09-30 10:00:00
INV-011,SKU-006,WH-MAIN,27,0,5,2026-09-30 10:00:00
INV-012,SKU-006,WH-SEC,26,1,7,2026-09-30 10:00:00
INV-013,SKU-007,WH-MAIN,7,1,5,2026-09-30 10:00:00
INV-014,SKU-007,WH-SEC,17,2,8,2026-09-30 10:00:00
INV-015,SKU-008,WH-MAIN,25,2,6,2026-09-30 10:00:00
INV-016,SKU-008,WH-SEC,16,2,6,2026-09-30 10:00:00
INV-017,SKU-009,WH-MAIN,26,2,10,2026-09-30 10:00:00
INV-018,SKU-009,WH-SEC,26,5,5,2026-09-30 10:00:00
INV-019,SKU-010,WH-MAIN,24,5,6,2026-09-30 10:00:00
INV-020,SKU-010,WH-SEC,22,5,6,2026-09-30 10:00:00
INV-021,SKU-011,WH-MAIN,10,3,8,2026-09-30 10:00:00
INV-022,SKU-011,WH-SEC,13,5,10,2026-09-30 10:00:00
INV-023,SKU-012,WH-MAIN,22,1,10,2026-09-30 10:00:00
INV-024,SKU-012,WH-SEC,15,0,6,2026-09-30 10:00:00
INV-025,SKU-013,WH-MAIN,6,2,8,2026-09-30 10:00:00
INV-026,SKU-013,WH-SEC,13,0,6,2026-09-30 10:00:00
INV-027,SKU-014,WH-MAIN,23,5,7,2026-09-30 10:00:00
INV-028,SKU-014,WH-SEC,11,5,8,2026-09-30 10:00:00
INV-029,SKU-015,WH-MAIN,17,5,8,2026-09-30 10:00:00
INV-030,SKU-015,WH-SEC,9,2,6,2026-09-30 10:00:00
INV-031,SKU-016,WH-MAIN,12,5,9,2026-09-30 10:00:00
INV-032,SKU-016,WH-SEC,22,2,10,2026-09-30 10:00:00
INV-033,SKU-017,WH-MAIN,23,3,9,2026-09-30 10:00:00
INV-034,SKU-017,WH-SEC,17,2,6,2026-09-30 10:00:00
INV-035,SKU-018,WH-MAIN,9,4,8,2026-09-30 10:00:00
INV-036,SKU-018,WH-SEC,7,0,5,2026-09-30 10:00:00
INV-037,SKU-019,WH-MAIN,9,5,6,2026-09-30 10:00:00
INV-038,SKU-019,WH-SEC,30,5,8,2026-09-30 10:00:00
INV-039,SKU-020,WH-MAIN,24,0,8,2026-09-30 10:00:00
INV-040,SKU-020,WH-SEC,17,4,8,2026-09-30 10:00:00
INV-041,SKU-021,WH-MAIN,21,2,9,2026-09-30 10:00:00
INV-042,SKU-021,WH-SEC,5,5,10,2026-09-30 10:00:00
INV-043,SKU-022,WH-MAIN,8,5,9,2026-09-30 10:00:00
INV-044,SKU-022,WH-SEC,29,2,10,2026-09-30 10:00:00
INV-045,SKU-023,WH-MAIN,15,0,7,2026-09-30 10:00:00
INV-046,SKU-023,WH-SEC,18,1,8,2026-09-30 10:00:00
INV-047,SKU-024,WH-MAIN,5,5,10,2026-09-30 10:00:00
INV-048,SKU-024,WH-SEC,13,4,6,2026-09-30 10:00:00
INV-049,SKU-025,WH-MAIN,21,0,10,2026-09-30 10:00:00
INV-050,SKU-025,WH-SEC,14,5,9,2026-09-30 10:00:00
INV-051,SKU-026,WH-MAIN,24,1,6,2026-09-30 10:00:00
INV-052,SKU-026,WH-SEC,16,1,9,2026-09-30 10:00:00
INV-053,SKU-027,WH-MAIN,29,4,5,2026-09-30 10:00:00
INV-054,SKU-027,WH-SEC,24,2,8,2026-09-30 10:00:00
INV-055,SKU-028,WH-MAIN,5,0,7,2026-09-30 10:00:00
INV-056,SKU-028,WH-SEC,30,2,6,2026-09-30 10:00:00
INV-057,SKU-029,WH-MAIN,6,1,9,2026-09-30 10:00:00
INV-058,SKU-029,WH-SEC,7,0,10,2026-09-30 10:00:00
INV-059,SKU-030,WH-MAIN,20,0,9,2026-09-30 10:00:00
INV-060,SKU-030,WH-SEC,29,1,6,2026-09-30 10:00:00
INV-061,SKU-031,WH-MAIN,26,3,9,2026-09-30 10:00:00
INV-062,SKU-031,WH-SEC,10,2,9,2026-09-30 10:00:00
INV-063,SKU-032,WH-MAIN,24,3,6,2026-09-30 10:00:00
INV-064,SKU-032,WH-SEC,22,5,10,2026-09-30 10:00:00
INV-065,SKU-033,WH-MAIN,11,5,7,2026-09-30 10:00:00
INV-066,SKU-033,WH-SEC,17,5,10,2026-09-30 10:00:00
INV-067,SKU-034,WH-MAIN,16,3,9,2026-09-30 10:00:00
INV-068,SKU-034,WH-SEC,19,0,6,2026-09-30 10:00:00
INV-069,SKU-035,WH-MAIN,12,0,7,2026-09-30 10:00:00
INV-070,SKU-035,WH-SEC,5,4,9,2026-09-30 10:00:00
INV-071,SKU-036,WH-MAIN,12,4,6,2026-09-30 10:00:00
INV-072,SKU-036,WH-SEC,5,0,10,2026-09-30 10:00:00
INV-073,SKU-037,WH-MAIN,25,0,6,2026-09-30 10:00:00
INV-074,SKU-037,WH-SEC,7,0,7,2026-09-30 10:00:00
INV-075,SKU-038,WH-MAIN,7,4,6,2026-09-30 10:00:00
INV-076,SKU-038,WH-SEC,13,5,8,2026-09-30 10:00:00
INV-077,SKU-039,WH-MAIN,11,4,6,2026-09-30 10:00:00
INV-078,SKU-039,WH-SEC,28,4,9,2026-09-30 10:00:00
INV-079,SKU-040,WH-MAIN,20,1,8,2026-09-30 10:00:00
INV-080,SKU-040,WH-SEC,30,3,6,2026-09-30 10:00:00
