order_item_id,order_id,sku,quantity
OI-0001,ORD-1001,SKU-001,5
OI-0002,ORD-1002,SKU-002,5
OI-0003,ORD-1003,SKU-003,5
OI-0004,ORD-1004,SKU-004,2
OI-0005,ORD-1005,SKU-005,1
OI-0006,ORD-1006,SKU-013,1
OI-0007,ORD-1007,SKU-015,1
OI-0008,ORD-1008,SKU-005,1
OI-0009,ORD-1008,SKU-012,2
OI-0010,ORD-1009,SKU-019,1
OI-0011,ORD-1009,SKU-024,1
OI-0012,ORD-1010,SKU-012,3
OI-0013,ORD-1011,SKU-011,3
OI-0014,ORD-1012,SKU-032,2
OI-0015,ORD-1013,SKU-010,2
OI-0016,ORD-1014,SKU-006,3
OI-0017,ORD-1015,SKU-037,2
OI-0018,ORD-1015,SKU-023,3
OI-0019,ORD-1016,SKU-007,2
OI-0020,ORD-1016,SKU-034,3
OI-0021,ORD-1016,SKU-029,1
OI-0022,ORD-1017,SKU-032,1
OI-0023,ORD-1018,SKU-024,1
OI-0024,ORD-1018,SKU-013,1
OI-0025,ORD-1019,SKU-039,3
OI-0026,ORD-1020,SKU-037,2
OI-0027,ORD-1021,SKU-031,1
OI-0028,ORD-1022,SKU-011,3
OI-0029,ORD-1022,SKU-039,1
OI-0030,ORD-1023,SKU-018,2
OI-0031,ORD-1024,SKU-033,2
OI-0032,ORD-1025,SKU-010,2
OI-0033,ORD-1026,SKU-020,2
OI-0034,ORD-1027,SKU-034,1
OI-0035,ORD-1027,SKU-008,1
OI-0036,ORD-1027,SKU-009,2
OI-0037,ORD-1028,SKU-027,1
OI-0038,ORD-1029,SKU-039,3
OI-0039,ORD-1030,SKU-011,2
OI-0040,ORD-1031,SKU-031,3
OI-0041,ORD-1032,SKU-022,3
OI-0042,ORD-1033,SKU-010,3
OI-0043,ORD-1034,SKU-013,3
OI-0044,ORD-1035,SKU-010,2
OI-0045,ORD-1036,SKU-027,2
OI-0046,ORD-1036,SKU-011,3
OI-0047,ORD-1037,SKU-031,3
OI-0048,ORD-1038,SKU-039,1
OI-0049,ORD-1038,SKU-005,1
OI-0050,ORD-1038,SKU-021,2
OI-0051,ORD-1039,SKU-023,2
OI-0052,ORD-1039,SKU-025,1
OI-0053,ORD-1040,SKU-013,3
OI-0054,ORD-1041,SKU-008,3
OI-0055,ORD-1041,SKU-013,3
OI-0056,ORD-1042,SKU-009,2
OI-0057,ORD-1042,SKU-037,2
OI-0058,ORD-1042,SKU-017,2
OI-0059,ORD-1043,SKU-027,2
OI-0060,ORD-1044,SKU-040,1
OI-0061,ORD-1044,SKU-009,1
OI-0062,ORD-1045,SKU-007,3
OI-0063,ORD-1046,SKU-032,3
OI-0064,ORD-1047,SKU-032,2
OI-0065,ORD-1048,SKU-036,1
OI-0066,ORD-1049,SKU-011,2
OI-0067,ORD-1050,SKU-035,3
OI-0068,ORD-1050,SKU-037,2
OI-0069,ORD-1051,SKU-029,3
OI-0070,ORD-1052,SKU-017,2
OI-0071,ORD-1053,SKU-012,2
OI-0072,ORD-1053,SKU-020,1
OI-0073,ORD-1053,SKU-022,1
OI-0074,ORD-1054,SKU-031,1
OI-0075,ORD-1055,SKU-038,3
OI-0076,ORD-1056,SKU-039,3
OI-0077,ORD-1057,SKU-008,3
OI-0078,ORD-1057,SKU-029,1
OI-0079,ORD-1058,SKU-033,1
OI-0080,ORD-1059,SKU-040,3
OI-0081,ORD-1059,SKU-031,2
OI-0082,ORD-1060,SKU-030,1
OI-0083,ORD-1060,SKU-022,2
OI-0084,ORD-1061,SKU-024,1
OI-0085,ORD-1062,SKU-033,1
OI-0086,ORD-1062,SKU-027,2
OI-0087,ORD-1063,SKU-019,3
OI-0088,ORD-1063,SKU-031,2
OI-0089,ORD-1064,SKU-029,2
OI-0090,ORD-1065,SKU-018,1
OI-0091,ORD-1065,SKU-025,1
OI-0092,ORD-1066,SKU-011,3
OI-0093,ORD-1067,SKU-026,2
OI-0094,ORD-1068,SKU-013,1
OI-0095,ORD-1068,SKU-019,1
OI-0096,ORD-1069,SKU-015,3
OI-0097,ORD-1070,SKU-008,1
OI-0098,ORD-1071,SKU-035,3
OI-0099,ORD-1071,SKU-033,2
OI-0100,ORD-1071,SKU-040,3
OI-0101,ORD-1072,SKU-040,2
OI-0102,ORD-1072,SKU-024,1
OI-0103,ORD-1072,SKU-013,2
OI-0104,ORD-1073,SKU-023,2
OI-0105,ORD-1074,SKU-026,3
OI-0106,ORD-1075,SKU-033,2
OI-0107,ORD-1076,SKU-027,2
OI-0108,ORD-1077,SKU-009,3
OI-0109,ORD-1078,SKU-028,2
OI-0110,ORD-1079,SKU-006,2
OI-0111,ORD-1080,SKU-040,3
OI-0112,ORD-1080,SKU-016,2
OI-0113,ORD-1080,SKU-024,3
OI-0114,ORD-1081,SKU-007,2
OI-0115,ORD-1082,SKU-025,3
OI-0116,ORD-1083,SKU-015,1
OI-0117,ORD-1084,SKU-032,2
OI-0118,ORD-1085,SKU-014,2
OI-0119,ORD-1086,SKU-022,2
OI-0120,ORD-1087,SKU-025,3
OI-0121,ORD-1088,SKU-025,1
OI-0122,ORD-1089,SKU-039,3
OI-0123,ORD-1090,SKU-020,3
OI-0124,ORD-1091,SKU-013,1
OI-0125,ORD-1091,SKU-025,3
OI-0126,ORD-1092,SKU-026,3
OI-0127,ORD-1092,SKU-023,3
OI-0128,ORD-1093,SKU-012,2
OI-0129,ORD-1093,SKU-009,3
OI-0130,ORD-1094,SKU-025,1
OI-0131,ORD-1095,SKU-037,3
OI-0132,ORD-1095,SKU-009,3
OI-0133,ORD-1096,SKU-027,1
OI-0134,ORD-1097,SKU-015,1
OI-0135,ORD-1098,SKU-035,1
OI-0136,ORD-1099,SKU-012,1
OI-0137,ORD-1100,SKU-010,3
OI-0138,ORD-1101,SKU-037,3
OI-0139,ORD-1101,SKU-006,2
OI-0140,ORD-1102,SKU-012,1
OI-0141,ORD-1102,SKU-028,1
OI-0142,ORD-1103,SKU-014,3
OI-0143,ORD-1104,SKU-030,2
OI-0144,ORD-1105,SKU-019,3
OI-0145,ORD-1105,SKU-032,2
OI-0146,ORD-1106,SKU-032,3
OI-0147,ORD-1106,SKU-018,1
OI-0148,ORD-1107,SKU-034,1
OI-0149,ORD-1108,SKU-040,2
OI-0150,ORD-1109,SKU-022,2
OI-0151,ORD-1110,SKU-030,1
OI-0152,ORD-1111,SKU-012,1
OI-0153,ORD-1111,SKU-020,3
OI-0154,ORD-1112,SKU-027,3
OI-0155,ORD-1113,SKU-037,1
OI-0156,ORD-1113,SKU-011,1
OI-0157,ORD-1113,SKU-022,2
OI-0158,ORD-1114,SKU-036,1
OI-0159,ORD-1115,SKU-009,2
OI-0160,ORD-1115,SKU-018,2
OI-0161,ORD-1116,SKU-030,3
OI-0162,ORD-1116,SKU-007,2
OI-0163,ORD-1116,SKU-029,1
OI-0164,ORD-1117,SKU-009,2
OI-0165,ORD-1118,SKU-024,1
OI-0166,ORD-1119,SKU-025,1
OI-0167,ORD-1119,SKU-013,1
OI-0168,ORD-1120,SKU-034,3
OI-0169,ORD-1121,SKU-034,3
OI-0170,ORD-1121,SKU-032,1
OI-0171,ORD-1122,SKU-005,1
OI-0172,ORD-1122,SKU-020,3
OI-0173,ORD-1122,SKU-017,3
OI-0174,ORD-1123,SKU-031,2
OI-0175,ORD-1123,SKU-011,1
OI-0176,ORD-1124,SKU-007,1
OI-0177,ORD-1125,SKU-033,1
OI-0178,ORD-1126,SKU-035,3
OI-0179,ORD-1127,SKU-036,3
OI-0180,ORD-1128,SKU-013,2
OI-0181,ORD-1129,SKU-026,1
OI-0182,ORD-1130,SKU-015,3
OI-0183,ORD-1131,SKU-037,1
OI-0184,ORD-1131,SKU-027,3
OI-0185,ORD-1132,SKU-036,3
OI-0186,ORD-1133,SKU-034,1
OI-0187,ORD-1134,SKU-027,3
OI-0188,ORD-1134,SKU-020,1
OI-0189,ORD-1135,SKU-008,2
OI-0190,ORD-1136,SKU-010,3
OI-0191,ORD-1137,SKU-025,1
OI-0192,ORD-1137,SKU-012,2
OI-0193,ORD-1138,SKU-015,3
OI-0194,ORD-1139,SKU-034,3
OI-0195,ORD-1140,SKU-012,1
OI-0196,ORD-1141,SKU-033,2
OI-0197,ORD-1141,SKU-006,1
OI-0198,ORD-1142,SKU-016,1
OI-0199,ORD-1143,SKU-023,3
OI-0200,ORD-1144,SKU-038,2
OI-0201,ORD-1145,SKU-016,2
OI-0202,ORD-1146,SKU-007,3
OI-0203,ORD-1147,SKU-011,2
OI-0204,ORD-1148,SKU-029,3
OI-0205,ORD-1149,SKU-028,2
OI-0206,ORD-1150,SKU-035,2
OI-0207,ORD-1150,SKU-027,1
OI-0208,ORD-1150,SKU-037,3
