order_id,order_date,customer_name,channel,priority,required_ship_datetime,status,courier_id
ORD-1001,2026-10-01 05:38:00,Customer 001,Marketplace A,True,2026-10-01 13:00:00,Processed,C002
ORD-1002,2026-09-29 10:57:00,Customer 002,Website,True,2026-10-01 09:00:00,Picking,C001
ORD-1003,2026-10-01 03:32:00,Customer 003,Website,False,2026-10-01 20:00:00,Processed,C002
ORD-1004,2026-09-30 08:05:00,Customer 004,Website,False,2026-10-01 18:00:00,Processed,C003
ORD-1005,2026-09-29 03:07:00,Customer 005,Website,False,2026-09-30 18:00:00,Shipped,C001
ORD-1006,2026-09-30 04:47:00,Customer 006,Marketplace A,False,2026-10-01 16:00:00,Staged,C001
ORD-1007,2026-09-30 07:01:00,Customer 007,Marketplace B,False,2026-10-02 00:00:00,Received,C002
ORD-1008,2026-09-28 03:51:00,Customer 008,Website,False,2026-09-28 13:51:00,Shipped,C002
ORD-1009,2026-09-29 03:57:00,Customer 009,Marketplace B,True,2026-10-01 16:00:00,Received,C001
ORD-1010,2026-09-29 03:50:00,Customer 010,Website,False,2026-10-01 16:00:00,Awaiting Pickup,C001
ORD-1011,2026-09-29 08:35:00,Customer 011,Marketplace B,False,2026-10-01 20:00:00,Processed,C003
ORD-1012,2026-09-29 10:34:00,Customer 012,Website,False,2026-10-02 00:00:00,Received,C002
ORD-1013,2026-10-01 07:35:00,Customer 013,Marketplace B,False,2026-10-01 19:35:00,Packed,C003
ORD-1014,2026-09-30 06:01:00,Customer 014,Marketplace B,True,2026-10-01 16:00:00,Packing,C002
ORD-1015,2026-10-01 03:47:00,Customer 015,Website,False,2026-10-02 15:47:00,Processed,C002
ORD-1016,2026-10-01 08:37:00,Customer 016,Marketplace A,False,2026-10-02 02:37:00,Packed,C001
ORD-1017,2026-09-28 06:21:00,Customer 017,Website,False,2026-09-29 06:21:00,Shipped,C003
ORD-1018,2026-09-29 09:04:00,Customer 018,Website,False,2026-09-29 17:04:00,Shipped,C002
ORD-1019,2026-09-29 03:51:00,Customer 019,Website,False,2026-10-02 00:00:00,Processed,C003
ORD-1020,2026-10-01 07:28:00,Customer 020,Website,True,2026-10-02 07:28:00,Packed,C002
ORD-1021,2026-09-29 05:07:00,Customer 021,Marketplace A,False,2026-10-01 16:00:00,Processed,C001
ORD-1022,2026-09-29 07:50:00,Customer 022,Website,False,2026-10-02 12:00:00,Picking,C003
ORD-1023,2026-10-01 09:26:00,Customer 023,Marketplace B,False,2026-10-01 17:26:00,Processed,C002
ORD-1024,2026-09-30 04:52:00,Customer 024,Marketplace A,False,2026-09-30 09:52:00,Shipped,C002
ORD-1025,2026-09-30 08:17:00,Customer 025,Marketplace B,False,2026-10-01 16:00:00,Received,C002
ORD-1026,2026-09-29 09:01:00,Customer 026,Marketplace A,False,2026-10-01 20:00:00,Staged,C001
ORD-1027,2026-10-01 06:10:00,Customer 027,Marketplace B,True,2026-10-02 06:10:00,Received,C003
ORD-1028,2026-09-30 09:10:00,Customer 028,Marketplace A,False,2026-10-02 12:00:00,Picked,C001
ORD-1029,2026-10-01 04:38:00,Customer 029,Website,False,2026-10-01 22:38:00,Picked,C001
ORD-1030,2026-09-29 08:35:00,Customer 030,Marketplace A,False,2026-10-02 00:00:00,Received,C001
ORD-1031,2026-09-29 03:35:00,Customer 031,Website,False,2026-10-02 00:00:00,Packed,C001
ORD-1032,2026-10-01 07:58:00,Customer 032,Marketplace A,False,2026-10-01 15:58:00,Packing,C003
ORD-1033,2026-09-29 06:33:00,Customer 033,Marketplace B,True,2026-10-01 16:00:00,Packed,C002
ORD-1034,2026-09-30 11:15:00,Customer 034,Marketplace B,False,2026-10-01 16:00:00,Picked,C003
ORD-1035,2026-09-30 05:56:00,Customer 035,Website,False,2026-10-02 00:00:00,Picked,C003
ORD-1036,2026-09-29 07:18:00,Customer 036,Marketplace B,False,2026-10-02 00:00:00,Packing,C002
ORD-1037,2026-09-29 09:48:00,Customer 037,Marketplace B,False,2026-10-02 12:00:00,Packing,C003
ORD-1038,2026-09-29 07:35:00,Customer 038,Marketplace A,False,2026-10-01 16:00:00,Picking,C002
ORD-1039,2026-09-30 06:31:00,Customer 039,Website,False,2026-10-02 12:00:00,Picked,C003
ORD-1040,2026-09-29 08:18:00,Customer 040,Marketplace B,False,2026-09-29 14:18:00,Shipped,C002
ORD-1041,2026-10-01 08:17:00,Customer 041,Website,True,2026-10-02 02:17:00,Packed,C001
ORD-1042,2026-10-01 11:45:00,Customer 042,Website,False,2026-10-02 11:45:00,Picking,C003
ORD-1043,2026-09-30 08:15:00,Customer 043,Website,False,2026-10-02 12:00:00,Awaiting Pickup,C002
ORD-1044,2026-09-29 11:03:00,Customer 044,Website,False,2026-10-02 12:00:00,Picking,C001
ORD-1045,2026-09-29 10:25:00,Customer 045,Marketplace A,False,2026-09-29 21:25:00,Shipped,C001
ORD-1046,2026-09-30 03:25:00,Customer 046,Marketplace A,True,2026-10-01 15:25:00,Picking,C002
ORD-1047,2026-09-29 03:03:00,Customer 047,Marketplace A,False,2026-09-29 12:03:00,Shipped,C003
ORD-1048,2026-09-30 08:07:00,Customer 048,Website,False,2026-10-02 12:00:00,Awaiting Pickup,C003
ORD-1049,2026-09-30 10:15:00,Customer 049,Marketplace A,False,2026-10-01 20:00:00,Packing,C002
ORD-1050,2026-09-29 10:52:00,Customer 050,Marketplace B,False,2026-10-01 20:00:00,Packed,C002
ORD-1051,2026-09-29 08:56:00,Customer 051,Marketplace B,False,2026-10-02 12:00:00,Picking,C002
ORD-1052,2026-09-30 11:47:00,Customer 052,Marketplace B,False,2026-10-02 12:00:00,Awaiting Pickup,C003
ORD-1053,2026-09-29 05:30:00,Customer 053,Marketplace A,False,2026-10-02 00:00:00,Received,C002
ORD-1054,2026-09-29 03:09:00,Customer 054,Website,False,2026-10-01 20:00:00,Staged,C002
ORD-1055,2026-09-30 04:59:00,Customer 055,Marketplace B,True,2026-10-02 00:00:00,Packing,C003
ORD-1056,2026-09-29 09:07:00,Customer 056,Marketplace B,False,2026-10-01 20:00:00,Staged,C003
ORD-1057,2026-09-30 11:55:00,Customer 057,Website,False,2026-10-01 20:00:00,Received,C002
ORD-1058,2026-09-30 05:40:00,Customer 058,Marketplace A,False,2026-10-02 12:00:00,Received,C002
ORD-1059,2026-09-30 05:44:00,Customer 059,Marketplace B,False,2026-10-02 12:00:00,Staged,C001
ORD-1060,2026-09-30 05:46:00,Customer 060,Marketplace B,False,2026-10-01 05:46:00,Shipped,C001
ORD-1061,2026-10-01 08:48:00,Customer 061,Website,False,2026-10-01 16:48:00,Received,C003
ORD-1062,2026-10-01 04:18:00,Customer 062,Website,True,2026-10-01 12:18:00,Picked,C003
ORD-1063,2026-09-29 07:11:00,Customer 063,Marketplace B,False,2026-10-01 20:00:00,Awaiting Pickup,C003
ORD-1064,2026-10-01 07:54:00,Customer 064,Marketplace A,False,2026-10-02 19:54:00,Processed,C001
ORD-1065,2026-09-30 08:56:00,Customer 065,Marketplace B,False,2026-10-01 20:56:00,Staged,C003
ORD-1066,2026-10-01 07:06:00,Customer 066,Marketplace B,False,2026-10-02 19:06:00,Picked,C001
ORD-1067,2026-09-30 03:33:00,Customer 067,Marketplace B,False,2026-10-01 16:00:00,Received,C003
ORD-1068,2026-10-01 05:08:00,Customer 068,Marketplace A,False,2026-10-02 05:08:00,Packed,C001
ORD-1069,2026-09-29 04:15:00,Customer 069,Marketplace B,False,2026-10-02 12:00:00,Packed,C001
ORD-1070,2026-09-28 06:21:00,Customer 070,Marketplace A,True,2026-09-29 03:21:00,Shipped,C002
ORD-1071,2026-09-29 07:40:00,Customer 071,Marketplace A,False,2026-10-01 16:00:00,Staged,C002
ORD-1072,2026-09-30 05:39:00,Customer 072,Website,False,2026-10-02 12:00:00,Picked,C002
ORD-1073,2026-10-01 06:09:00,Customer 073,Marketplace A,False,2026-10-02 00:09:00,Awaiting Pickup,C002
ORD-1074,2026-09-29 11:27:00,Customer 074,Marketplace B,False,2026-10-01 16:00:00,Packing,C001
ORD-1075,2026-09-30 03:12:00,Customer 075,Marketplace B,False,2026-10-02 12:00:00,Staged,C003
ORD-1076,2026-09-30 11:55:00,Customer 076,Marketplace B,False,2026-10-01 20:00:00,Awaiting Pickup,C002
ORD-1077,2026-09-30 06:30:00,Customer 077,Marketplace A,False,2026-10-01 18:30:00,Picked,C003
ORD-1078,2026-09-29 03:39:00,Customer 078,Marketplace A,True,2026-10-02 12:00:00,Staged,C002
ORD-1079,2026-10-01 10:14:00,Customer 079,Website,False,2026-10-01 22:14:00,Packing,C002
ORD-1080,2026-09-28 08:48:00,Customer 080,Marketplace A,False,2026-09-28 18:48:00,Shipped,C003
ORD-1081,2026-09-29 03:22:00,Customer 081,Marketplace A,False,2026-10-01 16:00:00,Packing,C001
ORD-1082,2026-09-30 09:41:00,Customer 082,Website,False,2026-10-01 20:00:00,Picked,C002
ORD-1083,2026-09-29 07:16:00,Customer 083,Website,False,2026-10-02 12:00:00,Received,C001
ORD-1084,2026-09-30 04:32:00,Customer 084,Marketplace A,False,2026-10-01 20:00:00,Packing,C001
ORD-1085,2026-10-01 10:35:00,Customer 085,Marketplace B,False,2026-10-02 10:35:00,Awaiting Pickup,C001
ORD-1086,2026-10-01 09:09:00,Customer 086,Website,False,2026-10-02 21:09:00,Received,C002
ORD-1087,2026-10-01 03:12:00,Customer 087,Marketplace B,False,2026-10-02 03:12:00,Picked,C003
ORD-1088,2026-09-29 05:32:00,Customer 088,Marketplace A,True,2026-10-02 00:00:00,Picked,C003
ORD-1089,2026-09-29 11:21:00,Customer 089,Website,False,2026-10-01 20:00:00,Packing,C003
ORD-1090,2026-09-29 10:50:00,Customer 090,Website,False,2026-10-01 20:00:00,Packing,C003
ORD-1091,2026-10-01 05:32:00,Customer 091,Marketplace A,False,2026-10-02 17:32:00,Picking,C002
ORD-1092,2026-10-01 07:15:00,Customer 092,Marketplace A,True,2026-10-02 01:15:00,Received,C003
ORD-1093,2026-09-29 08:01:00,Customer 093,Website,False,2026-10-01 20:00:00,Processed,C002
ORD-1094,2026-09-30 08:02:00,Customer 094,Website,False,2026-09-30 20:02:00,Shipped,C001
ORD-1095,2026-10-01 07:22:00,Customer 095,Marketplace A,False,2026-10-02 19:22:00,Received,C002
ORD-1096,2026-09-30 07:16:00,Customer 096,Marketplace B,True,2026-10-02 00:00:00,Processed,C003
ORD-1097,2026-09-30 10:22:00,Customer 097,Marketplace A,False,2026-10-02 12:00:00,Awaiting Pickup,C003
ORD-1098,2026-10-01 10:46:00,Customer 098,Website,False,2026-10-02 22:46:00,Packing,C003
ORD-1099,2026-09-29 11:12:00,Customer 099,Marketplace B,False,2026-10-02 12:00:00,Packing,C003
ORD-1100,2026-09-30 09:23:00,Customer 100,Marketplace A,False,2026-10-02 12:00:00,Awaiting Pickup,C001
ORD-1101,2026-09-30 06:40:00,Customer 101,Marketplace A,False,2026-10-01 20:00:00,Packed,C002
ORD-1102,2026-09-30 05:08:00,Customer 102,Marketplace A,False,2026-10-01 17:08:00,Awaiting Pickup,C001
ORD-1103,2026-09-30 07:40:00,Customer 103,Website,False,2026-10-02 12:00:00,Processed,C003
ORD-1104,2026-09-29 04:57:00,Customer 104,Marketplace A,False,2026-09-29 14:57:00,Shipped,C003
ORD-1105,2026-09-29 04:12:00,Customer 105,Marketplace B,False,2026-10-01 20:00:00,Awaiting Pickup,C002
ORD-1106,2026-09-30 04:04:00,Customer 106,Marketplace B,True,2026-10-01 16:00:00,Picking,C001
ORD-1107,2026-09-29 09:41:00,Customer 107,Marketplace A,False,2026-10-01 16:00:00,Picked,C003
ORD-1108,2026-10-01 10:31:00,Customer 108,Website,False,2026-10-01 18:31:00,Processed,C003
ORD-1109,2026-09-29 07:28:00,Customer 109,Marketplace A,False,2026-10-02 12:00:00,Awaiting Pickup,C002
ORD-1110,2026-09-30 03:51:00,Customer 110,Marketplace B,False,2026-10-01 20:00:00,Picked,C003
ORD-1111,2026-10-01 07:11:00,Customer 111,Marketplace B,False,2026-10-02 07:11:00,Picking,C002
ORD-1112,2026-10-01 07:14:00,Customer 112,Marketplace B,False,2026-10-02 01:14:00,Packing,C003
ORD-1113,2026-10-01 04:26:00,Customer 113,Marketplace A,False,2026-10-02 04:26:00,Awaiting Pickup,C002
ORD-1114,2026-09-28 04:31:00,Customer 114,Marketplace B,False,2026-09-28 18:31:00,Shipped,C001
ORD-1115,2026-09-29 05:46:00,Customer 115,Marketplace B,False,2026-10-01 16:00:00,Picked,C002
ORD-1116,2026-09-29 05:36:00,Customer 116,Website,False,2026-10-02 12:00:00,Awaiting Pickup,C001
ORD-1117,2026-09-28 05:05:00,Customer 117,Website,False,2026-09-28 12:05:00,Shipped,C002
ORD-1118,2026-09-29 10:14:00,Customer 118,Marketplace B,False,2026-09-29 18:14:00,Shipped,C002
ORD-1119,2026-10-01 04:10:00,Customer 119,Marketplace B,False,2026-10-01 22:10:00,Picking,C002
ORD-1120,2026-09-29 10:06:00,Customer 120,Marketplace B,False,2026-10-02 12:00:00,Staged,C002
ORD-1121,2026-09-29 11:21:00,Customer 121,Marketplace B,False,2026-10-01 20:00:00,Awaiting Pickup,C003
ORD-1122,2026-10-01 10:33:00,Customer 122,Marketplace B,False,2026-10-01 18:33:00,Packing,C003
ORD-1123,2026-09-30 09:16:00,Customer 123,Marketplace A,False,2026-10-01 16:00:00,Processed,C001
ORD-1124,2026-09-30 06:37:00,Customer 124,Marketplace B,False,2026-10-01 20:00:00,Received,C001
ORD-1125,2026-09-29 09:50:00,Customer 125,Marketplace A,False,2026-10-01 16:00:00,Staged,C003
ORD-1126,2026-09-30 09:46:00,Customer 126,Marketplace A,True,2026-10-02 00:00:00,Picked,C002
ORD-1127,2026-09-30 07:17:00,Customer 127,Website,False,2026-10-01 19:17:00,Received,C001
ORD-1128,2026-09-30 07:20:00,Customer 128,Marketplace A,False,2026-10-02 00:00:00,Awaiting Pickup,C002
ORD-1129,2026-09-30 04:54:00,Customer 129,Marketplace A,False,2026-10-02 12:00:00,Picked,C003
ORD-1130,2026-09-29 07:59:00,Customer 130,Marketplace B,False,2026-10-02 00:00:00,Packing,C001
ORD-1131,2026-09-29 04:07:00,Customer 131,Marketplace A,False,2026-10-01 20:00:00,Received,C003
ORD-1132,2026-09-29 08:21:00,Customer 132,Website,False,2026-10-01 20:00:00,Picked,C003
ORD-1133,2026-09-30 04:58:00,Customer 133,Marketplace B,False,2026-10-01 16:58:00,Received,C002
ORD-1134,2026-10-01 07:40:00,Customer 134,Website,False,2026-10-02 07:40:00,Picking,C001
ORD-1135,2026-09-29 06:27:00,Customer 135,Marketplace A,False,2026-10-02 00:00:00,Picking,C001
ORD-1136,2026-09-30 06:09:00,Customer 136,Website,True,2026-10-02 12:00:00,Awaiting Pickup,C001
ORD-1137,2026-09-29 05:06:00,Customer 137,Marketplace A,False,2026-10-02 00:00:00,Picked,C001
ORD-1138,2026-09-30 03:53:00,Customer 138,Marketplace B,False,2026-10-02 00:00:00,Received,C003
ORD-1139,2026-09-29 05:08:00,Customer 139,Website,False,2026-10-01 16:00:00,Packing,C003
ORD-1140,2026-10-01 03:40:00,Customer 140,Marketplace B,True,2026-10-02 15:40:00,Awaiting Pickup,C001
ORD-1141,2026-09-29 04:02:00,Customer 141,Website,False,2026-10-02 12:00:00,Processed,C001
ORD-1142,2026-10-01 07:29:00,Customer 142,Website,False,2026-10-01 15:29:00,Received,C001
ORD-1143,2026-09-30 04:31:00,Customer 143,Marketplace B,False,2026-09-30 19:31:00,Shipped,C003
ORD-1144,2026-09-29 08:04:00,Customer 144,Website,False,2026-09-30 01:04:00,Shipped,C003
ORD-1145,2026-09-29 05:43:00,Customer 145,Marketplace A,False,2026-10-02 00:00:00,Awaiting Pickup,C001
ORD-1146,2026-10-01 06:54:00,Customer 146,Marketplace B,False,2026-10-02 00:54:00,Awaiting Pickup,C003
ORD-1147,2026-10-01 05:43:00,Customer 147,Marketplace A,False,2026-10-01 17:43:00,Packed,C001
ORD-1148,2026-09-29 08:19:00,Customer 148,Marketplace A,False,2026-10-01 16:00:00,Processed,C001
ORD-1149,2026-10-01 08:56:00,Customer 149,Marketplace B,False,2026-10-02 20:56:00,Picked,C001
ORD-1150,2026-10-01 06:11:00,Customer 150,Website,False,2026-10-01 18:11:00,Picked,C003
