product_id,sku,product_name,category,variant,unit_price
P001,SKU-001,Stainless Steel Bottle,Drinkware,Black - 500ml,799
P002,SKU-002,Stainless Steel Bottle,Drinkware,Black - 750ml,299
P003,SKU-003,Stainless Steel Bottle,Drinkware,White - 500ml,299
P004,SKU-004,Stainless Steel Bottle,Drinkware,White - 750ml,799
P005,SKU-005,Canvas Tote Bag,Bags,Natural - Small,499
P006,SKU-006,Canvas Tote Bag,Bags,Natural - Large,399
P007,SKU-007,Canvas Tote Bag,Bags,Black - Small,399
P008,SKU-008,Canvas Tote Bag,Bags,Black - Large,399
P009,SKU-009,Bamboo Serving Tray,Home,Small,799
P010,SKU-010,Bamboo Serving Tray,Home,Medium,299
P011,SKU-011,Bamboo Serving Tray,Home,Large,799
P012,SKU-012,Bamboo Serving Tray,Home,Extra Large,799
P013,SKU-013,Soy Candle,Home Decor,Vanilla - 150g,699
P014,SKU-014,Soy Candle,Home Decor,Vanilla - 250g,299
P015,SKU-015,Soy Candle,Home Decor,Lavender - 150g,699
P016,SKU-016,Soy Candle,Home Decor,Lavender - 250g,599
P017,SKU-017,Jute Storage Basket,Storage,Small,299
P018,SKU-018,Jute Storage Basket,Storage,Medium,299
P019,SKU-019,Jute Storage Basket,Storage,Large,299
P020,SKU-020,Jute Storage Basket,Storage,Extra Large,399
P021,SKU-021,Ceramic Mug,Drinkware,Black - 250ml,399
P022,SKU-022,Ceramic Mug,Drinkware,Black - 350ml,699
P023,SKU-023,Ceramic Mug,Drinkware,White - 250ml,699
P024,SKU-024,Ceramic Mug,Drinkware,White - 350ml,299
P025,SKU-025,Wooden Planter,Home Decor,Small,699
P026,SKU-026,Wooden Planter,Home Decor,Medium,399
P027,SKU-027,Wooden Planter,Home Decor,Large,799
P028,SKU-028,Wooden Planter,Home Decor,Extra Large,799
P029,SKU-029,Cotton Pouch,Accessories,Black - Small,799
P030,SKU-030,Cotton Pouch,Accessories,Black - Large,699
P031,SKU-031,Cotton Pouch,Accessories,Natural - Small,599
P032,SKU-032,Cotton Pouch,Accessories,Natural - Large,399
P033,SKU-033,Desk Organizer,Office,Black - Small,599
P034,SKU-034,Desk Organizer,Office,Black - Large,699
P035,SKU-035,Desk Organizer,Office,White - Small,499
P036,SKU-036,Desk Organizer,Office,White - Large,999
P037,SKU-037,Eco Gift Box,Gifts,Small,999
P038,SKU-038,Eco Gift Box,Gifts,Medium,299
P039,SKU-039,Eco Gift Box,Gifts,Large,999
P040,SKU-040,Eco Gift Box,Gifts,Premium,999
