shipment_id,order_id,courier_id,pickup_datetime,pickup_status,staging_location,tracking_id
SHP-0001,ORD-1001,C001,,Not Ready,,TRK-1001
SHP-0002,ORD-1002,C002,,Not Ready,,TRK-1002
SHP-0003,ORD-1003,C002,,Not Ready,,TRK-1003
SHP-0004,ORD-1004,C002,,Not Ready,,TRK-1004
SHP-0005,ORD-1005,C002,2026-10-01 05:00:00,Picked Up,B4,TRK-1005
SHP-0006,ORD-1006,C001,,Not Ready,,TRK-1006
SHP-0007,ORD-1007,C002,,Not Ready,,TRK-1007
SHP-0008,ORD-1008,C002,,Not Ready,,TRK-1008
SHP-0009,ORD-1009,C003,2026-10-01 17:00:00,Awaiting Pickup,B1,TRK-1009
SHP-0010,ORD-1010,C001,2026-09-30 15:00:00,Awaiting Pickup,A1,TRK-1010
SHP-0011,ORD-1011,C002,,Not Ready,,TRK-1011
SHP-0012,ORD-1012,C003,,Not Ready,,TRK-1012
SHP-0013,ORD-1013,C002,,Not Ready,,TRK-1013
SHP-0014,ORD-1014,C003,,Not Ready,,TRK-1014
SHP-0015,ORD-1015,C002,2026-09-30 16:00:00,Picked Up,A3,TRK-1015
SHP-0016,ORD-1016,C001,,Not Ready,,TRK-1016
SHP-0017,ORD-1017,C003,,Not Ready,,TRK-1017
SHP-0018,ORD-1018,C002,2026-09-30 14:00:00,Awaiting Pickup,B4,TRK-1018
SHP-0019,ORD-1019,C001,,Not Ready,,TRK-1019
SHP-0020,ORD-1020,C001,2026-09-30 16:00:00,Picked Up,A1,TRK-1020
SHP-0021,ORD-1021,C002,,Not Ready,,TRK-1021
SHP-0022,ORD-1022,C003,2026-09-30 05:00:00,Picked Up,B2,TRK-1022
SHP-0023,ORD-1023,C003,2026-10-01 17:00:00,Awaiting Pickup,B1,TRK-1023
SHP-0024,ORD-1024,C002,,Not Ready,,TRK-1024
SHP-0025,ORD-1025,C002,,Not Ready,,TRK-1025
SHP-0026,ORD-1026,C002,,Not Ready,,TRK-1026
SHP-0027,ORD-1027,C003,2026-10-01 17:00:00,Awaiting Pickup,B2,TRK-1027
SHP-0028,ORD-1028,C002,,Not Ready,,TRK-1028
SHP-0029,ORD-1029,C002,2026-10-01 14:00:00,Awaiting Pickup,B4,TRK-1029
SHP-0030,ORD-1030,C003,,Not Ready,,TRK-1030
SHP-0031,ORD-1031,C003,2026-10-01 17:00:00,Awaiting Pickup,B2,TRK-1031
SHP-0032,ORD-1032,C002,,Not Ready,,TRK-1032
SHP-0033,ORD-1033,C002,,Not Ready,,TRK-1033
SHP-0034,ORD-1034,C001,2026-10-01 15:00:00,Awaiting Pickup,B3,TRK-1034
SHP-0035,ORD-1035,C001,2026-10-01 08:00:00,Picked Up,B3,TRK-1035
SHP-0036,ORD-1036,C003,,Not Ready,,TRK-1036
SHP-0037,ORD-1037,C003,,Not Ready,,TRK-1037
SHP-0038,ORD-1038,C003,2026-10-01 17:00:00,Awaiting Pickup,B1,TRK-1038
SHP-0039,ORD-1039,C001,,Not Ready,,TRK-1039
SHP-0040,ORD-1040,C003,2026-10-01 17:00:00,Awaiting Pickup,B2,TRK-1040
SHP-0041,ORD-1041,C001,,Not Ready,,TRK-1041
SHP-0042,ORD-1042,C003,,Not Ready,,TRK-1042
SHP-0043,ORD-1043,C001,,Not Ready,,TRK-1043
SHP-0044,ORD-1044,C001,,Not Ready,,TRK-1044
SHP-0045,ORD-1045,C002,2026-10-01 04:00:00,Picked Up,B4,TRK-1045
SHP-0046,ORD-1046,C002,2026-10-01 14:00:00,Awaiting Pickup,B4,TRK-1046
SHP-0047,ORD-1047,C002,,Not Ready,,TRK-1047
SHP-0048,ORD-1048,C002,2026-10-01 14:00:00,Awaiting Pickup,A4,TRK-1048
SHP-0049,ORD-1049,C001,,Not Ready,,TRK-1049
SHP-0050,ORD-1050,C003,2026-10-01 17:00:00,Awaiting Pickup,B1,TRK-1050
SHP-0051,ORD-1051,C002,2026-10-01 14:00:00,Awaiting Pickup,A4,TRK-1051
SHP-0052,ORD-1052,C003,,Not Ready,,TRK-1052
SHP-0053,ORD-1053,C002,2026-10-01 14:00:00,Awaiting Pickup,A3,TRK-1053
SHP-0054,ORD-1054,C002,,Not Ready,,TRK-1054
SHP-0055,ORD-1055,C003,2026-09-30 06:00:00,Picked Up,B1,TRK-1055
SHP-0056,ORD-1056,C001,,Not Ready,,TRK-1056
SHP-0057,ORD-1057,C002,,Not Ready,,TRK-1057
SHP-0058,ORD-1058,C001,,Not Ready,,TRK-1058
SHP-0059,ORD-1059,C001,,Not Ready,,TRK-1059
SHP-0060,ORD-1060,C001,2026-10-01 15:00:00,Awaiting Pickup,A1,TRK-1060
SHP-0061,ORD-1061,C002,,Not Ready,,TRK-1061
SHP-0062,ORD-1062,C003,,Not Ready,,TRK-1062
SHP-0063,ORD-1063,C003,,Not Ready,,TRK-1063
SHP-0064,ORD-1064,C003,,Not Ready,,TRK-1064
SHP-0065,ORD-1065,C003,,Not Ready,,TRK-1065
SHP-0066,ORD-1066,C002,,Not Ready,,TRK-1066
SHP-0067,ORD-1067,C003,,Not Ready,,TRK-1067
SHP-0068,ORD-1068,C002,,Not Ready,,TRK-1068
SHP-0069,ORD-1069,C001,2026-09-30 21:00:00,Picked Up,B3,TRK-1069
SHP-0070,ORD-1070,C002,,Not Ready,,TRK-1070
SHP-0071,ORD-1071,C003,,Not Ready,,TRK-1071
SHP-0072,ORD-1072,C003,2026-10-01 17:00:00,Awaiting Pickup,B2,TRK-1072
SHP-0073,ORD-1073,C003,,Not Ready,,TRK-1073
SHP-0074,ORD-1074,C003,,Not Ready,,TRK-1074
SHP-0075,ORD-1075,C001,2026-10-01 15:00:00,Awaiting Pickup,B3,TRK-1075
SHP-0076,ORD-1076,C002,,Not Ready,,TRK-1076
SHP-0077,ORD-1077,C001,2026-10-01 15:00:00,Awaiting Pickup,A1,TRK-1077
SHP-0078,ORD-1078,C003,,Not Ready,,TRK-1078
SHP-0079,ORD-1079,C003,2026-09-29 19:00:00,Picked Up,B1,TRK-1079
SHP-0080,ORD-1080,C002,2026-10-01 14:00:00,Awaiting Pickup,A3,TRK-1080
SHP-0081,ORD-1081,C001,,Not Ready,,TRK-1081
SHP-0082,ORD-1082,C003,,Not Ready,,TRK-1082
SHP-0083,ORD-1083,C003,,Not Ready,,TRK-1083
SHP-0084,ORD-1084,C002,2026-10-01 14:00:00,Awaiting Pickup,B4,TRK-1084
SHP-0085,ORD-1085,C003,,Not Ready,,TRK-1085
SHP-0086,ORD-1086,C002,,Not Ready,,TRK-1086
SHP-0087,ORD-1087,C003,,Not Ready,,TRK-1087
SHP-0088,ORD-1088,C002,2026-09-30 14:00:00,Awaiting Pickup,A4,TRK-1088
SHP-0089,ORD-1089,C001,2026-09-29 20:00:00,Picked Up,B3,TRK-1089
SHP-0090,ORD-1090,C002,,Not Ready,,TRK-1090
SHP-0091,ORD-1091,C001,2026-09-30 15:00:00,Awaiting Pickup,B3,TRK-1091
SHP-0092,ORD-1092,C002,2026-09-30 16:00:00,Picked Up,A4,TRK-1092
SHP-0093,ORD-1093,C002,2026-09-29 22:00:00,Picked Up,A4,TRK-1093
SHP-0094,ORD-1094,C002,,Not Ready,,TRK-1094
SHP-0095,ORD-1095,C002,2026-10-01 14:00:00,Awaiting Pickup,B4,TRK-1095
SHP-0096,ORD-1096,C003,2026-10-01 17:00:00,Awaiting Pickup,B1,TRK-1096
SHP-0097,ORD-1097,C003,,Not Ready,,TRK-1097
SHP-0098,ORD-1098,C001,,Not Ready,,TRK-1098
SHP-0099,ORD-1099,C001,,Not Ready,,TRK-1099
SHP-0100,ORD-1100,C003,2026-10-01 17:00:00,Awaiting Pickup,B1,TRK-1100
SHP-0101,ORD-1101,C002,,Not Ready,,TRK-1101
SHP-0102,ORD-1102,C001,,Not Ready,,TRK-1102
SHP-0103,ORD-1103,C002,2026-10-01 14:00:00,Awaiting Pickup,A4,TRK-1103
SHP-0104,ORD-1104,C003,,Not Ready,,TRK-1104
SHP-0105,ORD-1105,C001,,Not Ready,,TRK-1105
SHP-0106,ORD-1106,C003,,Not Ready,,TRK-1106
SHP-0107,ORD-1107,C003,,Not Ready,,TRK-1107
SHP-0108,ORD-1108,C002,,Not Ready,,TRK-1108
SHP-0109,ORD-1109,C001,,Not Ready,,TRK-1109
SHP-0110,ORD-1110,C001,,Not Ready,,TRK-1110
SHP-0111,ORD-1111,C001,2026-10-01 15:00:00,Awaiting Pickup,A2,TRK-1111
SHP-0112,ORD-1112,C001,,Not Ready,,TRK-1112
SHP-0113,ORD-1113,C003,,Not Ready,,TRK-1113
SHP-0114,ORD-1114,C003,,Not Ready,,TRK-1114
SHP-0115,ORD-1115,C001,2026-10-01 15:00:00,Awaiting Pickup,A1,TRK-1115
SHP-0116,ORD-1116,C001,,Not Ready,,TRK-1116
SHP-0117,ORD-1117,C001,,Not Ready,,TRK-1117
SHP-0118,ORD-1118,C003,2026-09-29 14:00:00,Picked Up,B1,TRK-1118
SHP-0119,ORD-1119,C003,2026-09-30 19:00:00,Picked Up,B1,TRK-1119
SHP-0120,ORD-1120,C001,2026-10-01 15:00:00,Awaiting Pickup,A1,TRK-1120
SHP-0121,ORD-1121,C003,2026-10-01 17:00:00,Awaiting Pickup,B2,TRK-1121
SHP-0122,ORD-1122,C001,,Not Ready,,TRK-1122
SHP-0123,ORD-1123,C001,,Not Ready,,TRK-1123
SHP-0124,ORD-1124,C001,,Not Ready,,TRK-1124
SHP-0125,ORD-1125,C003,,Not Ready,,TRK-1125
SHP-0126,ORD-1126,C001,,Not Ready,,TRK-1126
SHP-0127,ORD-1127,C003,,Not Ready,,TRK-1127
SHP-0128,ORD-1128,C003,,Not Ready,,TRK-1128
SHP-0129,ORD-1129,C002,2026-09-30 03:00:00,Picked Up,A3,TRK-1129
SHP-0130,ORD-1130,C001,,Not Ready,,TRK-1130
SHP-0131,ORD-1131,C001,2026-09-29 22:00:00,Picked Up,B3,TRK-1131
SHP-0132,ORD-1132,C001,2026-10-01 15:00:00,Awaiting Pickup,A2,TRK-1132
SHP-0133,ORD-1133,C003,,Not Ready,,TRK-1133
SHP-0134,ORD-1134,C003,2026-09-29 18:00:00,Picked Up,B2,TRK-1134
SHP-0135,ORD-1135,C002,2026-09-30 14:00:00,Awaiting Pickup,A3,TRK-1135
SHP-0136,ORD-1136,C002,,Not Ready,,TRK-1136
SHP-0137,ORD-1137,C001,,Not Ready,,TRK-1137
SHP-0138,ORD-1138,C001,2026-10-01 15:00:00,Awaiting Pickup,A1,TRK-1138
SHP-0139,ORD-1139,C003,,Not Ready,,TRK-1139
SHP-0140,ORD-1140,C003,2026-09-30 09:00:00,Picked Up,B2,TRK-1140
SHP-0141,ORD-1141,C001,,Not Ready,,TRK-1141
SHP-0142,ORD-1142,C002,2026-10-01 14:00:00,Awaiting Pickup,A4,TRK-1142
SHP-0143,ORD-1143,C003,,Not Ready,,TRK-1143
SHP-0144,ORD-1144,C002,,Not Ready,,TRK-1144
SHP-0145,ORD-1145,C001,,Not Ready,,TRK-1145
SHP-0146,ORD-1146,C002,,Not Ready,,TRK-1146
SHP-0147,ORD-1147,C003,,Not Ready,,TRK-1147
SHP-0148,ORD-1148,C001,,Not Ready,,TRK-1148
SHP-0149,ORD-1149,C003,,Not Ready,,TRK-1149
SHP-0150,ORD-1150,C001,2026-10-01 15:00:00,Awaiting Pickup,A2,TRK-1150
SHP-0151,ORD-1151,C002,2026-10-01 14:00:00,Awaiting Pickup,A4,TRK-1151
SHP-0152,ORD-1152,C001,,Not Ready,,TRK-1152
SHP-0153,ORD-1153,C002,,Not Ready,,TRK-1153
SHP-0154,ORD-1154,C001,,Not Ready,,TRK-1154
SHP-0155,ORD-1155,C001,2026-10-01 15:00:00,Awaiting Pickup,A2,TRK-1155
SHP-0156,ORD-1156,C003,,Not Ready,,TRK-1156
SHP-0157,ORD-1157,C001,2026-10-01 15:00:00,Awaiting Pickup,B3,TRK-1157
SHP-0158,ORD-1158,C002,,Not Ready,,TRK-1158
SHP-0159,ORD-1159,C002,,Not Ready,,TRK-1159
SHP-0160,ORD-1160,C001,,Not Ready,,TRK-1160
SHP-0161,ORD-1161,C003,,Not Ready,,TRK-1161
SHP-0162,ORD-1162,C001,,Not Ready,,TRK-1162
SHP-0163,ORD-1163,C003,,Not Ready,,TRK-1163
SHP-0164,ORD-1164,C002,2026-09-30 14:00:00,Awaiting Pickup,B4,TRK-1164
SHP-0165,ORD-1165,C002,2026-09-30 14:00:00,Awaiting Pickup,A4,TRK-1165
SHP-0166,ORD-1166,C002,,Not Ready,,TRK-1166
SHP-0167,ORD-1167,C002,,Not Ready,,TRK-1167
SHP-0168,ORD-1168,C003,2026-09-29 18:00:00,Picked Up,B2,TRK-1168
SHP-0169,ORD-1169,C002,,Not Ready,,TRK-1169
SHP-0170,ORD-1170,C001,,Not Ready,,TRK-1170
SHP-0171,ORD-1171,C001,2026-10-01 15:00:00,Awaiting Pickup,B3,TRK-1171
SHP-0172,ORD-1172,C003,,Not Ready,,TRK-1172
SHP-0173,ORD-1173,C003,,Not Ready,,TRK-1173
SHP-0174,ORD-1174,C002,,Not Ready,,TRK-1174
SHP-0175,ORD-1175,C002,2026-10-01 14:00:00,Awaiting Pickup,A4,TRK-1175
SHP-0176,ORD-1176,C003,,Not Ready,,TRK-1176
SHP-0177,ORD-1177,C002,,Not Ready,,TRK-1177
SHP-0178,ORD-1178,C001,,Not Ready,,TRK-1178
SHP-0179,ORD-1179,C003,2026-09-30 21:00:00,Picked Up,B2,TRK-1179
SHP-0180,ORD-1180,C001,2026-10-01 15:00:00,Awaiting Pickup,A1,TRK-1180
SHP-0181,ORD-1181,C002,2026-10-01 14:00:00,Awaiting Pickup,A4,TRK-1181
SHP-0182,ORD-1182,C002,,Not Ready,,TRK-1182
SHP-0183,ORD-1183,C003,,Not Ready,,TRK-1183
SHP-0184,ORD-1184,C001,2026-10-01 15:00:00,Awaiting Pickup,A2,TRK-1184
SHP-0185,ORD-1185,C003,,Not Ready,,TRK-1185
SHP-0186,ORD-1186,C002,,Not Ready,,TRK-1186
SHP-0187,ORD-1187,C002,,Not Ready,,TRK-1187
SHP-0188,ORD-1188,C001,2026-10-01 15:00:00,Awaiting Pickup,A2,TRK-1188
SHP-0189,ORD-1189,C003,,Not Ready,,TRK-1189
SHP-0190,ORD-1190,C002,,Not Ready,,TRK-1190
SHP-0191,ORD-1191,C001,,Not Ready,,TRK-1191
SHP-0192,ORD-1192,C003,,Not Ready,,TRK-1192
SHP-0193,ORD-1193,C001,,Not Ready,,TRK-1193
SHP-0194,ORD-1194,C003,2026-10-01 17:00:00,Awaiting Pickup,B1,TRK-1194
SHP-0195,ORD-1195,C002,,Not Ready,,TRK-1195
SHP-0196,ORD-1196,C001,,Not Ready,,TRK-1196
SHP-0197,ORD-1197,C002,,Not Ready,,TRK-1197
SHP-0198,ORD-1198,C002,,Not Ready,,TRK-1198
SHP-0199,ORD-1199,C003,,Not Ready,,TRK-1199
SHP-0200,ORD-1200,C003,,Not Ready,,TRK-1200
SHP-0201,ORD-1201,C001,2026-10-01 15:00:00,Awaiting Pickup,A2,TRK-1201
SHP-0202,ORD-1202,C001,2026-10-01 15:00:00,Awaiting Pickup,B3,TRK-1202
SHP-0203,ORD-1203,C002,,Not Ready,,TRK-1203
SHP-0204,ORD-1204,C003,,Not Ready,,TRK-1204
SHP-0205,ORD-1205,C003,,Not Ready,,TRK-1205
SHP-0206,ORD-1206,C003,2026-10-01 17:00:00,Awaiting Pickup,B1,TRK-1206
SHP-0207,ORD-1207,C003,,Not Ready,,TRK-1207
SHP-0208,ORD-1208,C002,,Not Ready,,TRK-1208
SHP-0209,ORD-1209,C001,2026-10-01 15:00:00,Awaiting Pickup,A1,TRK-1209
SHP-0210,ORD-1210,C003,,Not Ready,,TRK-1210
SHP-0211,ORD-1211,C001,2026-10-01 15:00:00,Awaiting Pickup,A1,TRK-1211
SHP-0212,ORD-1212,C003,2026-10-01 17:00:00,Awaiting Pickup,B2,TRK-1212
SHP-0213,ORD-1213,C002,,Not Ready,,TRK-1213
SHP-0214,ORD-1214,C002,2026-09-30 14:00:00,Awaiting Pickup,A3,TRK-1214
SHP-0215,ORD-1215,C002,,Not Ready,,TRK-1215
SHP-0216,ORD-1216,C001,2026-10-01 15:00:00,Awaiting Pickup,A2,TRK-1216
SHP-0217,ORD-1217,C001,,Not Ready,,TRK-1217
SHP-0218,ORD-1218,C003,,Not Ready,,TRK-1218
SHP-0219,ORD-1219,C001,2026-09-30 05:00:00,Picked Up,A1,TRK-1219
SHP-0220,ORD-1220,C001,,Not Ready,,TRK-1220
SHP-0221,ORD-1221,C002,2026-10-01 14:00:00,Awaiting Pickup,A4,TRK-1221
SHP-0222,ORD-1222,C002,2026-09-30 22:00:00,Picked Up,B4,TRK-1222
SHP-0223,ORD-1223,C001,2026-10-01 15:00:00,Awaiting Pickup,B3,TRK-1223
SHP-0224,ORD-1224,C002,,Not Ready,,TRK-1224
SHP-0225,ORD-1225,C002,2026-09-30 15:00:00,Picked Up,A3,TRK-1225
SHP-0226,ORD-1226,C001,,Not Ready,,TRK-1226
SHP-0227,ORD-1227,C001,,Not Ready,,TRK-1227
SHP-0228,ORD-1228,C003,,Not Ready,,TRK-1228
SHP-0229,ORD-1229,C001,,Not Ready,,TRK-1229
SHP-0230,ORD-1230,C001,,Not Ready,,TRK-1230
SHP-0231,ORD-1231,C003,,Not Ready,,TRK-1231
SHP-0232,ORD-1232,C001,,Not Ready,,TRK-1232
SHP-0233,ORD-1233,C002,2026-10-01 14:00:00,Awaiting Pickup,A4,TRK-1233
SHP-0234,ORD-1234,C001,2026-09-30 15:00:00,Awaiting Pickup,A2,TRK-1234
SHP-0235,ORD-1235,C003,,Not Ready,,TRK-1235
SHP-0236,ORD-1236,C002,,Not Ready,,TRK-1236
SHP-0237,ORD-1237,C003,,Not Ready,,TRK-1237
SHP-0238,ORD-1238,C003,,Not Ready,,TRK-1238
SHP-0239,ORD-1239,C002,,Not Ready,,TRK-1239
SHP-0240,ORD-1240,C002,2026-09-30 14:00:00,Awaiting Pickup,A4,TRK-1240
